2016-09-16 12:17:59,TD,str,1466,esc,1492,aa,0.29,2.14,9.44,spur_us,141663,90705015,spur_odo,11,ping_mm,0,odo_fl,9016,92132978,odo_fr,9020,92880265,odo_bl,7561,92015480,odo_br,11306,91948151,ms,93012,us,93012769,ypr,-41.94,1.31,-13.94,vbat,11.77,cal,245
2016-09-16 12:17:59,TD,str,1466,esc,1493,aa,0.23,2.34,9.68,spur_us,141663,90705015,spur_odo,11,ping_mm,0,odo_fl,9016,92132978,odo_fr,9020,92880265,odo_bl,7561,92015480,odo_br,11306,91948151,ms,93024,us,93024195,ypr,-41.94,1.31,-14.00,vbat,11.77,cal,245
2016-09-16 12:17:59,TD,str,1466,esc,1492,aa,0.23,2.25,9.58,spur_us,141663,90705015,spur_odo,11,ping_mm,0,odo_fl,9016,92132978,odo_fr,9019,93028367,odo_bl,7561,92015480,odo_br,11306,91948151,ms,93034,us,93034178,ypr,-41.94,1.31,-14.00,vbat,11.79,cal,245
2016-09-16 12:17:59,TD,str,1466,esc,1493,aa,0.22,2.40,9.47,spur_us,141663,90705015,spur_odo,11,ping_mm,0,odo_fl,9016,92132978,odo_fr,9019,93028367,odo_bl,7561,92015480,odo_br,11306,91948151,ms,93042,us,93042233,ypr,-41.94,1.31,-14.00,vbat,11.79,cal,245
2016-09-16 12:17:59,TD,str,1466,esc,1492,aa,0.26,2.47,9.55,spur_us,141663,90705015,spur_odo,11,ping_mm,0,odo_fl,9016,92132978,odo_fr,9019,93028367,odo_bl,7561,92015480,odo_br,11306,91948151,ms,93054,us,93054196,ypr,-41.94,1.31,-14.00,vbat,11.73,cal,245
2016-09-16 12:17:59,TD,str,1466,esc,1492,aa,0.23,2.52,9.61,spur_us,141663,90705015,spur_odo,11,ping_mm,0,odo_fl,9016,92132978,odo_fr,9019,93028367,odo_bl,7561,92015480,odo_br,11306,91948151,ms,93064,us,93064211,ypr,-41.94,1.31,-14.00,vbat,11.73,cal,245
2016-09-16 12:17:59,TD,str,1466,esc,1493,aa,0.27,2.54,9.66,spur_us,141663,90705015,spur_odo,11,ping_mm,0,odo_fl,9016,92132978,odo_fr,9019,93028367,odo_bl,7561,92015480,odo_br,11306,91948151,ms,93074,us,93074109,ypr,-41.94,1.31,-14.00,vbat,11.77,cal,245
2016-09-16 12:17:59,TD,str,1466,esc,1493,aa,0.21,2.51,9.51,spur_us,141663,90705015,spur_odo,11,ping_mm,0,odo_fl,9016,92132978,odo_fr,9019,93028367,odo_bl,7561,92015480,odo_br,11306,91948151,ms,93084,us,93084264,ypr,-41.94,1.31,-14.00,vbat,11.77,cal,245
2016-09-16 12:17:59,TD,str,1466,esc,1493,aa,0.21,2.54,9.43,spur_us,141663,90705015,spur_odo,11,ping_mm,0,odo_fl,9016,92132978,odo_fr,9019,93028367,odo_bl,7561,92015480,odo_br,11306,91948151,ms,93092,us,93092234,ypr,-41.94,1.31,-14.00,vbat,11.73,cal,245
2016-09-16 12:17:59,TD,str,1466,esc,1492,aa,0.26,2.46,9.27,spur_us,141663,90705015,spur_odo,11,ping_mm,0,odo_fl,9016,92132978,odo_fr,9019,93028367,odo_bl,7561,92015480,odo_br,11306,91948151,ms,93102,us,93102231,ypr,-41.94,1.31,-14.00,vbat,11.82,cal,245
2016-09-16 12:17:59,TD,str,1466,esc,1493,aa,0.25,2.42,9.66,spur_us,141663,90705015,spur_odo,11,ping_mm,0,odo_fl,9016,92132978,odo_fr,9019,93028367,odo_bl,7561,92015480,odo_br,11306,91948151,ms,93112,us,93112376,ypr,-41.88,1.31,-13.94,vbat,11.73,cal,245
2016-09-16 12:17:59,TD,str,1466,esc,1492,aa,0.29,2.50,9.64,spur_us,141663,90705015,spur_odo,11,ping_mm,0,odo_fl,9016,92132978,odo_fr,9019,93028367,odo_bl,7561,92015480,odo_br,11306,91948151,ms,93124,us,93124184,ypr,-41.88,1.31,-13.94,vbat,11.77,cal,245
2016-09-16 12:17:59,TD,str,1466,esc,1493,aa,0.33,2.59,9.59,spur_us,141663,90705015,spur_odo,11,ping_mm,0,odo_fl,9016,92132978,odo_fr,9019,93028367,odo_bl,7561,92015480,odo_br,11306,91948151,ms,93133,us,93133947,ypr,-41.88,1.31,-13.94,vbat,11.77,cal,245
2016-09-16 12:17:59,TD,str,1467,esc,1493,aa,0.22,2.26,9.41,spur_us,141663,90705015,spur_odo,11,ping_mm,0,odo_fl,9016,92132978,odo_fr,9019,93028367,odo_bl,7561,92015480,odo_br,11306,91948151,ms,93142,us,93142229,ypr,-41.88,1.31,-13.94,vbat,11.75,cal,245
2016-09-16 12:17:59,TD,str,1466,esc,1493,aa,0.23,2.52,9.50,spur_us,141663,90705015,spur_odo,11,ping_mm,0,odo_fl,9016,92132978,odo_fr,9019,93028367,odo_bl,7561,92015480,odo_br,11306,91948151,ms,93154,us,93154124,ypr,-41.88,1.31,-13.94,vbat,11.77,cal,245
2016-09-16 12:17:59,TD,str,1466,esc,1492,aa,0.22,2.33,9.56,spur_us,141663,90705015,spur_odo,11,ping_mm,0,odo_fl,9016,92132978,odo_fr,9019,93028367,odo_bl,7561,92015480,odo_br,11306,91948151,ms,93164,us,93164179,ypr,-41.88,1.31,-13.94,vbat,11.79,cal,245
2016-09-16 12:17:59,TD,str,1466,esc,1493,aa,0.26,2.30,9.69,spur_us,141663,90705015,spur_odo,11,ping_mm,0,odo_fl,9016,92132978,odo_fr,9019,93028367,odo_bl,7561,92015480,odo_br,11306,91948151,ms,93173,us,93173977,ypr,-41.88,1.31,-13.94,vbat,11.77,cal,245
2016-09-16 12:17:59,TD,str,1466,esc,1492,aa,0.26,2.46,9.67,spur_us,141663,90705015,spur_odo,11,ping_mm,0,odo_fl,9016,92132978,odo_fr,9019,93028367,odo_bl,7561,92015480,odo_br,11306,91948151,ms,93183,us,93183962,ypr,-41.88,1.31,-13.94,vbat,11.77,cal,245
2016-09-16 12:17:59,TD,str,1466,esc,1493,aa,0.26,2.41,9.51,spur_us,141663,90705015,spur_odo,11,ping_mm,0,odo_fl,9016,92132978,odo_fr,9019,93028367,odo_bl,7561,92015480,odo_br,11306,91948151,ms,93192,us,93192240,ypr,-41.88,1.31,-13.94,vbat,11.79,cal,245
2016-09-16 12:17:59,TD,str,1466,esc,1493,aa,0.27,2.29,9.43,spur_us,141663,90705015,spur_odo,11,ping_mm,0,odo_fl,9016,92132978,odo_fr,9019,93028367,odo_bl,7561,92015480,odo_br,11306,91948151,ms,93204,us,93204045,ypr,-41.88,1.31,-13.94,vbat,11.77,cal,245
2016-09-16 12:17:59,TD,str,1466,esc,1492,aa,0.25,2.36,9.61,spur_us,141663,90705015,spur_odo,11,ping_mm,0,odo_fl,9016,92132978,odo_fr,9019,93028367,odo_bl,7561,92015480,odo_br,11306,91948151,ms,93214,us,93214232,ypr,-41.88,1.31,-13.94,vbat,11.77,cal,245
2016-09-16 12:17:59,TD,str,1466,esc,1492,aa,0.28,2.33,9.61,spur_us,141663,90705015,spur_odo,11,ping_mm,0,odo_fl,9016,92132978,odo_fr,9019,93028367,odo_bl,7561,92015480,odo_br,11306,91948151,ms,93224,us,93224260,ypr,-41.88,1.31,-13.94,vbat,11.77,cal,245
2016-09-16 12:17:59,TD,str,1465,esc,1492,aa,0.27,2.38,9.61,spur_us,141663,90705015,spur_odo,11,ping_mm,0,odo_fl,9016,92132978,odo_fr,9019,93028367,odo_bl,7561,92015480,odo_br,11306,91948151,ms,93234,us,93234244,ypr,-41.88,1.31,-13.94,vbat,11.77,cal,245
2016-09-16 12:17:59,TD,str,1466,esc,1492,aa,0.27,2.34,9.54,spur_us,141663,90705015,spur_odo,11,ping_mm,0,odo_fl,9016,92132978,odo_fr,9019,93028367,odo_bl,7561,92015480,odo_br,11306,91948151,ms,93242,us,93242236,ypr,-41.88,1.31,-13.94,vbat,11.77,cal,245
2016-09-16 12:17:59,TD,str,1466,esc,1493,aa,0.28,2.34,9.50,spur_us,141663,90705015,spur_odo,11,ping_mm,0,odo_fl,9016,92132978,odo_fr,9019,93028367,odo_bl,7561,92015480,odo_br,11306,91948151,ms,93254,us,93254048,ypr,-41.88,1.31,-13.94,vbat,11.77,cal,245
2016-09-16 12:17:59,TD,str,1466,esc,1493,aa,0.24,2.32,9.53,spur_us,141663,90705015,spur_odo,11,ping_mm,0,odo_fl,9016,92132978,odo_fr,9019,93028367,odo_bl,7561,92015480,odo_br,11306,91948151,ms,93263,us,93263877,ypr,-41.88,1.31,-13.94,vbat,11.77,cal,245
2016-09-16 12:17:59,TD,str,1466,esc,1492,aa,0.25,2.35,9.64,spur_us,141663,90705015,spur_odo,11,ping_mm,0,odo_fl,9016,92132978,odo_fr,9019,93028367,odo_bl,7561,92015480,odo_br,11306,91948151,ms,93274,us,93274261,ypr,-41.88,1.31,-13.94,vbat,11.77,cal,245
2016-09-16 12:17:59,TD,str,1466,esc,1492,aa,0.27,2.43,9.63,spur_us,141663,90705015,spur_odo,11,ping_mm,0,odo_fl,9016,92132978,odo_fr,9019,93028367,odo_bl,7561,92015480,odo_br,11306,91948151,ms,93284,us,93284200,ypr,-41.88,1.31,-13.94,vbat,11.77,cal,245
2016-09-16 12:17:59,TD,str,1466,esc,1492,aa,0.24,2.36,9.56,spur_us,141663,90705015,spur_odo,11,ping_mm,0,odo_fl,9016,92132978,odo_fr,9019,93028367,odo_bl,7561,92015480,odo_br,11306,91948151,ms,93292,us,93292238,ypr,-41.88,1.31,-13.94,vbat,11.75,cal,245
2016-09-16 12:17:59,TD,str,1466,esc,1492,aa,0.24,2.37,9.52,spur_us,141663,90705015,spur_odo,11,ping_mm,0,odo_fl,9016,92132978,odo_fr,9019,93028367,odo_bl,7561,92015480,odo_br,11306,91948151,ms,93304,us,93304187,ypr,-41.88,1.31,-13.94,vbat,11.77,cal,245
2016-09-16 12:17:59,TD,str,1466,esc,1492,aa,0.25,2.33,9.50,spur_us,141663,90705015,spur_odo,11,ping_mm,0,odo_fl,9016,92132978,odo_fr,9019,93028367,odo_bl,7561,92015480,odo_br,11306,91948151,ms,93314,us,93314182,ypr,-41.88,1.31,-13.94,vbat,11.77,cal,245
2016-09-16 12:17:59,TD,str,1466,esc,1492,aa,0.27,2.36,9.64,spur_us,141663,90705015,spur_odo,11,ping_mm,0,odo_fl,9016,92132978,odo_fr,9019,93028367,odo_bl,7561,92015480,odo_br,11306,91948151,ms,93324,us,93324189,ypr,-41.88,1.31,-13.94,vbat,11.75,cal,245
2016-09-16 12:17:59,TD,str,1466,esc,1493,aa,0.25,2.35,9.62,spur_us,141663,90705015,spur_odo,11,ping_mm,0,odo_fl,9016,92132978,odo_fr,9019,93028367,odo_bl,7561,92015480,odo_br,11306,91948151,ms,93334,us,93334167,ypr,-41.88,1.31,-13.94,vbat,11.77,cal,245
2016-09-16 12:17:59,TD,str,1466,esc,1492,aa,0.22,2.37,9.57,spur_us,141663,90705015,spur_odo,11,ping_mm,0,odo_fl,9016,92132978,odo_fr,9019,93028367,odo_bl,7561,92015480,odo_br,11306,91948151,ms,93342,us,93342237,ypr,-41.88,1.31,-13.94,vbat,11.79,cal,245
2016-09-16 12:17:59,TD,str,1466,esc,1493,aa,0.23,2.37,9.52,spur_us,141663,90705015,spur_odo,11,ping_mm,0,odo_fl,9016,92132978,odo_fr,9019,93028367,odo_bl,7561,92015480,odo_br,11306,91948151,ms,93354,us,93354207,ypr,-41.88,1.31,-13.94,vbat,11.77,cal,245
2016-09-16 12:17:59,TD,str,1466,esc,1492,aa,0.25,2.35,9.51,spur_us,141663,90705015,spur_odo,11,ping_mm,0,odo_fl,9016,92132978,odo_fr,9019,93028367,odo_bl,7561,92015480,odo_br,11306,91948151,ms,93364,us,93364178,ypr,-41.88,1.31,-13.94,vbat,11.79,cal,245
2016-09-16 12:17:59,TD,str,1466,esc,1492,aa,0.28,2.34,9.63,spur_us,141663,90705015,spur_odo,11,ping_mm,0,odo_fl,9016,92132978,odo_fr,9019,93028367,odo_bl,7561,92015480,odo_br,11306,91948151,ms,93374,us,93374181,ypr,-41.88,1.31,-13.94,vbat,11.79,cal,245
2016-09-16 12:17:59,TD,str,1466,esc,1492,aa,0.29,2.38,9.59,spur_us,141663,90705015,spur_odo,11,ping_mm,0,odo_fl,9016,92132978,odo_fr,9019,93028367,odo_bl,7561,92015480,odo_br,11306,91948151,ms,93384,us,93384167,ypr,-41.88,1.31,-13.94,vbat,11.77,cal,245
2016-09-16 12:17:59,TD,str,1466,esc,1492,aa,0.25,2.39,9.54,spur_us,141663,90705015,spur_odo,11,ping_mm,0,odo_fl,9016,92132978,odo_fr,9019,93028367,odo_bl,7561,92015480,odo_br,11306,91948151,ms,93392,us,93392228,ypr,-41.88,1.31,-13.94,vbat,11.77,cal,245
2016-09-16 12:17:59,TD,str,1465,esc,1493,aa,0.25,2.37,9.50,spur_us,141663,90705015,spur_odo,11,ping_mm,0,odo_fl,9016,92132978,odo_fr,9019,93028367,odo_bl,7561,92015480,odo_br,11306,91948151,ms,93404,us,93404151,ypr,-41.88,1.31,-13.94,vbat,11.77,cal,245
2016-09-16 12:17:59,TD,str,1466,esc,1492,aa,0.26,2.40,9.56,spur_us,141663,90705015,spur_odo,11,ping_mm,0,odo_fl,9016,92132978,odo_fr,9019,93028367,odo_bl,7561,92015480,odo_br,11306,91948151,ms,93414,us,93414181,ypr,-41.88,1.31,-13.94,vbat,11.77,cal,245
2016-09-16 12:17:59,TD,str,1466,esc,1492,aa,0.25,2.40,9.63,spur_us,141663,90705015,spur_odo,11,ping_mm,0,odo_fl,9016,92132978,odo_fr,9019,93028367,odo_bl,7561,92015480,odo_br,11306,91948151,ms,93424,us,93424157,ypr,-41.88,1.31,-13.94,vbat,11.77,cal,245
2016-09-16 12:17:59,TD,str,1466,esc,1492,aa,0.28,2.43,9.60,spur_us,141663,90705015,spur_odo,11,ping_mm,0,odo_fl,9016,92132978,odo_fr,9019,93028367,odo_bl,7561,92015480,odo_br,11306,91948151,ms,93434,us,93434184,ypr,-41.88,1.31,-13.94,vbat,11.77,cal,245
2016-09-16 12:17:59,TD,str,1466,esc,1493,aa,0.28,2.38,9.54,spur_us,141663,90705015,spur_odo,11,ping_mm,0,odo_fl,9016,92132978,odo_fr,9019,93028367,odo_bl,7561,92015480,odo_br,11306,91948151,ms,93442,us,93442239,ypr,-41.88,1.31,-13.94,vbat,11.77,cal,245
2016-09-16 12:17:59,TD,str,1466,esc,1492,aa,0.27,2.38,9.49,spur_us,141663,90705015,spur_odo,11,ping_mm,0,odo_fl,9016,92132978,odo_fr,9019,93028367,odo_bl,7561,92015480,odo_br,11306,91948151,ms,93453,us,93454008,ypr,-41.88,1.31,-13.94,vbat,11.75,cal,245
2016-09-16 12:17:59,TD,str,1466,esc,1492,aa,0.24,2.41,9.55,spur_us,141663,90705015,spur_odo,11,ping_mm,0,odo_fl,9016,92132978,odo_fr,9019,93028367,odo_bl,7561,92015480,odo_br,11306,91948151,ms,93464,us,93464166,ypr,-41.88,1.31,-13.94,vbat,11.77,cal,245
2016-09-16 12:17:59,TD,str,1466,esc,1492,aa,0.24,2.41,9.64,spur_us,141663,90705015,spur_odo,11,ping_mm,0,odo_fl,9016,92132978,odo_fr,9019,93028367,odo_bl,7561,92015480,odo_br,11306,91948151,ms,93474,us,93474209,ypr,-41.88,1.31,-13.94,vbat,11.77,cal,245
2016-09-16 12:17:59,TD,str,1466,esc,1492,aa,0.25,2.41,9.62,spur_us,141663,90705015,spur_odo,11,ping_mm,0,odo_fl,9016,92132978,odo_fr,9019,93028367,odo_bl,7561,92015480,odo_br,11306,91948151,ms,93484,us,93484185,ypr,-41.88,1.31,-13.94,vbat,11.77,cal,245
2016-09-16 12:17:59,TD,str,1466,esc,1492,aa,0.28,2.40,9.52,spur_us,141663,90705015,spur_odo,11,ping_mm,0,odo_fl,9016,92132978,odo_fr,9019,93028367,odo_bl,7561,92015480,odo_br,11306,91948151,ms,93492,us,93492232,ypr,-41.88,1.31,-13.94,vbat,11.77,cal,245
2016-09-16 12:17:59,TD,str,1466,esc,1493,aa,0.27,2.37,9.48,spur_us,141663,90705015,spur_odo,11,ping_mm,0,odo_fl,9016,92132978,odo_fr,9019,93028367,odo_bl,7561,92015480,odo_br,11306,91948151,ms,93504,us,93504163,ypr,-41.88,1.31,-13.94,vbat,11.75,cal,245
2016-09-16 12:17:59,TD,str,1466,esc,1493,aa,0.28,2.40,9.51,spur_us,141663,90705015,spur_odo,11,ping_mm,0,odo_fl,9016,92132978,odo_fr,9019,93028367,odo_bl,7561,92015480,odo_br,11306,91948151,ms,93514,us,93514226,ypr,-41.88,1.31,-13.94,vbat,11.77,cal,245
2016-09-16 12:17:59,TD,str,1466,esc,1492,aa,0.23,2.40,9.63,spur_us,141663,90705015,spur_odo,11,ping_mm,0,odo_fl,9016,92132978,odo_fr,9019,93028367,odo_bl,7561,92015480,odo_br,11306,91948151,ms,93524,us,93524233,ypr,-41.88,1.31,-13.94,vbat,11.79,cal,245
2016-09-16 12:17:59,TD,str,1466,esc,1492,aa,0.25,2.40,9.56,spur_us,141663,90705015,spur_odo,11,ping_mm,0,odo_fl,9016,92132978,odo_fr,9019,93028367,odo_bl,7561,92015480,odo_br,11306,91948151,ms,93534,us,93534240,ypr,-41.88,1.31,-13.94,vbat,11.75,cal,245
2016-09-16 12:17:59,TD,str,1466,esc,1493,aa,0.24,2.37,9.55,spur_us,141663,90705015,spur_odo,11,ping_mm,0,odo_fl,9016,92132978,odo_fr,9019,93028367,odo_bl,7561,92015480,odo_br,11306,91948151,ms,93542,us,93542238,ypr,-41.88,1.31,-13.94,vbat,11.79,cal,245
2016-09-16 12:17:59,TD,str,1465,esc,1492,aa,0.24,2.37,9.53,spur_us,141663,90705015,spur_odo,11,ping_mm,0,odo_fl,9016,92132978,odo_fr,9019,93028367,odo_bl,7561,92015480,odo_br,11306,91948151,ms,93554,us,93554207,ypr,-41.88,1.31,-13.94,vbat,11.79,cal,245
2016-09-16 12:17:59,TD,str,1466,esc,1492,aa,0.27,2.36,9.54,spur_us,141663,90705015,spur_odo,11,ping_mm,0,odo_fl,9016,92132978,odo_fr,9019,93028367,odo_bl,7561,92015480,odo_br,11306,91948151,ms,93564,us,93564063,ypr,-41.88,1.31,-13.94,vbat,11.77,cal,245
2016-09-16 12:17:59,TD,str,1465,esc,1492,aa,0.28,2.37,9.62,spur_us,141663,90705015,spur_odo,11,ping_mm,0,odo_fl,9016,92132978,odo_fr,9019,93028367,odo_bl,7561,92015480,odo_br,11306,91948151,ms,93574,us,93574100,ypr,-41.88,1.31,-13.94,vbat,11.77,cal,245
2016-09-16 12:17:59,TD,str,1466,esc,1493,aa,0.26,2.36,9.60,spur_us,141663,90705015,spur_odo,11,ping_mm,0,odo_fl,9016,92132978,odo_fr,9019,93028367,odo_bl,7561,92015480,odo_br,11306,91948151,ms,93583,us,93583762,ypr,-41.88,1.31,-13.94,vbat,11.77,cal,245
2016-09-16 12:17:59,TD,str,1466,esc,1492,aa,0.24,2.36,9.58,spur_us,141663,90705015,spur_odo,11,ping_mm,0,odo_fl,9016,92132978,odo_fr,9019,93028367,odo_bl,7561,92015480,odo_br,11306,91948151,ms,93592,us,93592234,ypr,-41.88,1.31,-13.94,vbat,11.77,cal,245
2016-09-16 12:17:59,TD,str,1466,esc,1493,aa,0.23,2.32,9.51,spur_us,141663,90705015,spur_odo,11,ping_mm,0,odo_fl,9016,92132978,odo_fr,9019,93028367,odo_bl,7561,92015480,odo_br,11306,91948151,ms,93603,us,93603935,ypr,-41.88,1.31,-13.94,vbat,11.75,cal,245
2016-09-16 12:17:59,TD,str,1466,esc,1492,aa,0.24,2.31,9.56,spur_us,141663,90705015,spur_odo,11,ping_mm,0,odo_fl,9016,92132978,odo_fr,9019,93028367,odo_bl,7561,92015480,odo_br,11306,91948151,ms,93613,us,93613753,ypr,-41.88,1.31,-13.94,vbat,11.77,cal,245
2016-09-16 12:17:59,TD,str,1466,esc,1492,aa,0.27,2.32,9.61,spur_us,141663,90705015,spur_odo,11,ping_mm,0,odo_fl,9016,92132978,odo_fr,9019,93028367,odo_bl,7561,92015480,odo_br,11306,91948151,ms,93623,us,93623770,ypr,-41.88,1.31,-13.94,vbat,11.79,cal,245
2016-09-16 12:17:59,TD,str,1466,esc,1492,aa,0.30,2.34,9.60,spur_us,141663,90705015,spur_odo,11,ping_mm,0,odo_fl,9016,92132978,odo_fr,9019,93028367,odo_bl,7561,92015480,odo_br,11306,91948151,ms,93633,us,93633803,ypr,-41.88,1.31,-13.94,vbat,11.77,cal,245
2016-09-16 12:17:59,TD,str,1466,esc,1492,aa,0.30,2.36,9.57,spur_us,141663,90705015,spur_odo,11,ping_mm,0,odo_fl,9016,92132978,odo_fr,9019,93028367,odo_bl,7561,92015480,odo_br,11306,91948151,ms,93642,us,93642225,ypr,-41.88,1.31,-13.94,vbat,11.79,cal,245
2016-09-16 12:17:59,TD,str,1466,esc,1493,aa,0.26,2.37,9.55,spur_us,141663,90705015,spur_odo,11,ping_mm,0,odo_fl,9016,92132978,odo_fr,9019,93028367,odo_bl,7561,92015480,odo_br,11306,91948151,ms,93653,us,93653768,ypr,-41.88,1.31,-13.94,vbat,11.77,cal,245
2016-09-16 12:17:59,TD,str,1466,esc,1492,aa,0.25,2.35,9.51,spur_us,141663,90705015,spur_odo,11,ping_mm,0,odo_fl,9016,92132978,odo_fr,9019,93028367,odo_bl,7561,92015480,odo_br,11306,91948151,ms,93663,us,93663641,ypr,-41.88,1.31,-13.94,vbat,11.79,cal,245
2016-09-16 12:17:59,TD,str,1466,esc,1493,aa,0.22,2.35,9.63,spur_us,141663,90705015,spur_odo,11,ping_mm,0,odo_fl,9016,92132978,odo_fr,9019,93028367,odo_bl,7561,92015480,odo_br,11306,91948151,ms,93673,us,93673663,ypr,-41.88,1.31,-13.94,vbat,11.77,cal,245
2016-09-16 12:17:59,TD,str,1466,esc,1492,aa,0.25,2.36,9.55,spur_us,141663,90705015,spur_odo,11,ping_mm,0,odo_fl,9016,92132978,odo_fr,9019,93028367,odo_bl,7561,92015480,odo_br,11306,91948151,ms,93683,us,93683653,ypr,-41.88,1.31,-13.94,vbat,11.77,cal,245
2016-09-16 12:17:59,TD,str,1466,esc,1492,aa,0.26,2.37,9.54,spur_us,141663,90705015,spur_odo,11,ping_mm,0,odo_fl,9016,92132978,odo_fr,9019,93028367,odo_bl,7561,92015480,odo_br,11306,91948151,ms,93692,us,93692233,ypr,-41.88,1.31,-13.94,vbat,11.77,cal,245
2016-09-16 12:17:59,TD,str,1466,esc,1493,aa,0.28,2.37,9.55,spur_us,141663,90705015,spur_odo,11,ping_mm,0,odo_fl,9016,92132978,odo_fr,9019,93028367,odo_bl,7561,92015480,odo_br,11306,91948151,ms,93703,us,93703629,ypr,-41.88,1.31,-13.94,vbat,11.79,cal,245
2016-09-16 12:17:59,TD,str,1466,esc,1492,aa,0.26,2.36,9.54,spur_us,141663,90705015,spur_odo,11,ping_mm,0,odo_fl,9016,92132978,odo_fr,9019,93028367,odo_bl,7561,92015480,odo_br,11306,91948151,ms,93713,us,93713702,ypr,-41.88,1.31,-13.94,vbat,11.77,cal,245
2016-09-16 12:17:59,TD,str,1466,esc,1492,aa,0.26,2.35,9.60,spur_us,141663,90705015,spur_odo,11,ping_mm,0,odo_fl,9016,92132978,odo_fr,9019,93028367,odo_bl,7561,92015480,odo_br,11306,91948151,ms,93723,us,93723699,ypr,-41.88,1.31,-13.94,vbat,11.75,cal,245
2016-09-16 12:17:59,TD,str,1465,esc,1490,aa,0.24,2.38,9.56,spur_us,141663,90705015,spur_odo,11,ping_mm,0,odo_fl,9016,92132978,odo_fr,9019,93028367,odo_bl,7561,92015480,odo_br,11306,91948151,ms,93733,us,93733545,ypr,-41.88,1.31,-13.94,vbat,11.77,cal,245
2016-09-16 12:17:59,TD,str,1466,esc,1493,aa,0.22,2.39,9.55,spur_us,141663,90705015,spur_odo,11,ping_mm,0,odo_fl,9016,92132978,odo_fr,9019,93028367,odo_bl,7561,92015480,odo_br,11306,91948151,ms,93742,us,93742239,ypr,-41.88,1.31,-13.94,vbat,11.77,cal,245
2016-09-16 12:17:59,TD,str,1466,esc,1493,aa,0.26,2.41,9.52,spur_us,141663,90705015,spur_odo,11,ping_mm,0,odo_fl,9016,92132978,odo_fr,9019,93028367,odo_bl,7561,92015480,odo_br,11306,91948151,ms,93753,us,93753502,ypr,-41.88,1.31,-13.94,vbat,11.77,cal,245
2016-09-16 12:17:59,TD,str,1467,esc,1492,aa,0.29,2.43,9.53,spur_us,141663,90705015,spur_odo,11,ping_mm,0,odo_fl,9016,92132978,odo_fr,9019,93028367,odo_bl,7561,92015480,odo_br,11306,91948151,ms,93763,us,93763542,ypr,-41.88,1.31,-13.94,vbat,11.77,cal,245
2016-09-16 12:17:59,TD,str,1466,esc,1493,aa,0.28,2.38,9.60,spur_us,141663,90705015,spur_odo,11,ping_mm,0,odo_fl,9016,92132978,odo_fr,9019,93028367,odo_bl,7561,92015480,odo_br,11306,91948151,ms,93773,us,93773590,ypr,-41.88,1.31,-13.94,vbat,11.79,cal,245
2016-09-16 12:17:59,TD,str,1466,esc,1492,aa,0.29,2.40,9.59,spur_us,141663,90705015,spur_odo,11,ping_mm,0,odo_fl,9016,92132978,odo_fr,9019,93028367,odo_bl,7561,92015480,odo_br,11306,91948151,ms,93783,us,93783395,ypr,-41.88,1.31,-13.94,vbat,11.77,cal,245
2016-09-16 12:17:59,TD,str,1466,esc,1493,aa,0.24,2.40,9.54,spur_us,141663,90705015,spur_odo,11,ping_mm,0,odo_fl,9016,92132978,odo_fr,9019,93028367,odo_bl,7561,92015480,odo_br,11306,91948151,ms,93792,us,93792229,ypr,-41.88,1.31,-13.94,vbat,11.77,cal,245
2016-09-16 12:17:59,TD,str,1466,esc,1493,aa,0.24,2.38,9.52,spur_us,141663,90705015,spur_odo,11,ping_mm,0,odo_fl,9016,92132978,odo_fr,9019,93028367,odo_bl,7561,92015480,odo_br,11306,91948151,ms,93803,us,93803555,ypr,-41.88,1.31,-13.94,vbat,11.77,cal,245
2016-09-16 12:18:00,TD,str,1466,esc,1493,aa,0.25,2.46,9.51,spur_us,141663,90705015,spur_odo,11,ping_mm,0,odo_fl,9016,92132978,odo_fr,9019,93028367,odo_bl,7561,92015480,odo_br,11306,91948151,ms,93813,us,93813423,ypr,-41.88,1.31,-13.94,vbat,11.79,cal,245
2016-09-16 12:18:00,TD,str,1466,esc,1492,aa,0.28,2.44,9.57,spur_us,141663,90705015,spur_odo,11,ping_mm,0,odo_fl,9016,92132978,odo_fr,9019,93028367,odo_bl,7561,92015480,odo_br,11306,91948151,ms,93823,us,93823566,ypr,-41.88,1.31,-13.94,vbat,11.75,cal,245
2016-09-16 12:18:00,TD,str,1466,esc,1492,aa,0.29,2.43,9.56,spur_us,141663,90705015,spur_odo,11,ping_mm,0,odo_fl,9016,92132978,odo_fr,9019,93028367,odo_bl,7561,92015480,odo_br,11306,91948151,ms,93833,us,93833681,ypr,-41.88,1.31,-13.94,vbat,11.79,cal,245
2016-09-16 12:18:00,TD,str,1467,esc,1493,aa,0.28,2.48,9.54,spur_us,141663,90705015,spur_odo,11,ping_mm,0,odo_fl,9016,92132978,odo_fr,9019,93028367,odo_bl,7561,92015480,odo_br,11306,91948151,ms,93842,us,93842235,ypr,-41.88,1.31,-13.94,vbat,11.77,cal,245
2016-09-16 12:18:00,TD,str,1466,esc,1492,aa,0.23,2.49,9.48,spur_us,141663,90705015,spur_odo,11,ping_mm,0,odo_fl,9016,92132978,odo_fr,9019,93028367,odo_bl,7561,92015480,odo_br,11306,91948151,ms,93853,us,93853659,ypr,-41.88,1.31,-13.94,vbat,11.79,cal,245
2016-09-16 12:18:00,TD,str,1467,esc,1493,aa,0.23,2.47,9.55,spur_us,141663,90705015,spur_odo,11,ping_mm,0,odo_fl,9016,92132978,odo_fr,9019,93028367,odo_bl,7561,92015480,odo_br,11306,91948151,ms,93863,us,93863678,ypr,-41.94,1.31,-13.94,vbat,11.79,cal,245
2016-09-16 12:18:00,TD,str,1466,esc,1492,aa,0.22,2.49,9.66,spur_us,141663,90705015,spur_odo,11,ping_mm,0,odo_fl,9016,92132978,odo_fr,9019,93028367,odo_bl,7561,92015480,odo_br,11306,91948151,ms,93873,us,93873429,ypr,-41.94,1.31,-13.94,vbat,11.77,cal,245
2016-09-16 12:18:00,TD,str,1466,esc,1492,aa,0.25,2.46,9.57,spur_us,141663,90705015,spur_odo,11,ping_mm,0,odo_fl,9016,92132978,odo_fr,9019,93028367,odo_bl,7561,92015480,odo_br,11306,91948151,ms,93883,us,93883423,ypr,-41.94,1.31,-13.94,vbat,11.77,cal,245
2016-09-16 12:18:00,TD,str,1466,esc,1492,aa,0.27,2.38,9.47,spur_us,141663,90705015,spur_odo,11,ping_mm,0,odo_fl,9016,92132978,odo_fr,9019,93028367,odo_bl,7561,92015480,odo_br,11306,91948151,ms,93892,us,93892242,ypr,-41.94,1.31,-13.94,vbat,11.77,cal,245
2016-09-16 12:18:00,TD,str,1466,esc,1492,aa,0.26,2.41,9.50,spur_us,141663,90705015,spur_odo,11,ping_mm,0,odo_fl,9016,92132978,odo_fr,9019,93028367,odo_bl,7561,92015480,odo_br,11306,91948151,ms,93903,us,93903387,ypr,-41.94,1.31,-13.94,vbat,11.75,cal,245
2016-09-16 12:18:00,TD,str,1466,esc,1492,aa,0.25,2.38,9.60,spur_us,141663,90705015,spur_odo,11,ping_mm,0,odo_fl,9016,92132978,odo_fr,9019,93028367,odo_bl,7561,92015480,odo_br,11306,91948151,ms,93913,us,93913438,ypr,-41.94,1.31,-13.94,vbat,11.77,cal,245
2016-09-16 12:18:00,TD,str,1466,esc,1492,aa,0.22,2.34,9.65,spur_us,141663,90705015,spur_odo,11,ping_mm,0,odo_fl,9016,92132978,odo_fr,9019,93028367,odo_bl,7561,92015480,odo_br,11306,91948151,ms,93923,us,93923267,ypr,-41.94,1.31,-13.94,vbat,11.79,cal,245
2016-09-16 12:18:00,TD,str,1466,esc,1492,aa,0.30,2.30,9.60,spur_us,141663,90705015,spur_odo,11,ping_mm,0,odo_fl,9016,92132978,odo_fr,9019,93028367,odo_bl,7561,92015480,odo_br,11306,91948151,ms,93933,us,93933385,ypr,-41.94,1.31,-13.94,vbat,11.79,cal,245
2016-09-16 12:18:00,TD,str,1466,esc,1492,aa,0.28,2.26,9.56,spur_us,141663,90705015,spur_odo,11,ping_mm,0,odo_fl,9016,92132978,odo_fr,9019,93028367,odo_bl,7561,92015480,odo_br,11306,91948151,ms,93942,us,93942235,ypr,-41.94,1.31,-13.94,vbat,11.77,cal,245
2016-09-16 12:18:00,TD,str,1465,esc,1492,aa,0.25,2.19,9.51,spur_us,141663,90705015,spur_odo,11,ping_mm,0,odo_fl,9016,92132978,odo_fr,9019,93028367,odo_bl,7561,92015480,odo_br,11306,91948151,ms,93953,us,93953515,ypr,-41.94,1.31,-13.94,vbat,11.77,cal,245
2016-09-16 12:18:00,TD,str,1466,esc,1492,aa,0.29,2.27,9.49,spur_us,141663,90705015,spur_odo,11,ping_mm,0,odo_fl,9016,92132978,odo_fr,9019,93028367,odo_bl,7561,92015480,odo_br,11306,91948151,ms,93963,us,93963424,ypr,-41.94,1.31,-13.94,vbat,11.77,cal,245
2016-09-16 12:18:00,TD,str,1466,esc,1493,aa,0.28,2.27,9.65,spur_us,141663,90705015,spur_odo,11,ping_mm,0,odo_fl,9016,92132978,odo_fr,9019,93028367,odo_bl,7561,92015480,odo_br,11306,91948151,ms,93973,us,93973145,ypr,-41.94,1.31,-13.94,vbat,11.79,cal,245
2016-09-16 12:18:00,TD,str,1466,esc,1492,aa,0.26,2.33,9.69,spur_us,141663,90705015,spur_odo,11,ping_mm,0,odo_fl,9016,92132978,odo_fr,9019,93028367,odo_bl,7561,92015480,odo_br,11306,91948151,ms,93983,us,93983322,ypr,-41.94,1.31,-13.94,vbat,11.77,cal,245
2016-09-16 12:18:00,TD,str,1466,esc,1493,aa,0.23,2.32,9.65,spur_us,141663,90705015,spur_odo,11,ping_mm,0,odo_fl,9016,92132978,odo_fr,9019,93028367,odo_bl,7561,92015480,odo_br,11306,91948151,ms,93992,us,93992232,ypr,-41.94,1.31,-13.94,vbat,11.77,cal,245
2016-09-16 12:18:00,TD,str,1466,esc,1493,aa,0.23,2.29,9.54,spur_us,141663,90705015,spur_odo,11,ping_mm,0,odo_fl,9016,92132978,odo_fr,9019,93028367,odo_bl,7561,92015480,odo_br,11306,91948151,ms,94003,us,94003347,ypr,-41.94,1.31,-13.94,vbat,11.77,cal,245
2016-09-16 12:18:00,TD,str,1466,esc,1493,aa,0.22,2.30,9.45,spur_us,141663,90705015,spur_odo,11,ping_mm,0,odo_fl,9016,92132978,odo_fr,9019,93028367,odo_bl,7561,92015480,odo_br,11306,91948151,ms,94013,us,94013158,ypr,-41.94,1.31,-13.94,vbat,11.77,cal,245
2016-09-16 12:18:00,TD,str,1466,esc,1492,aa,0.27,2.33,9.63,spur_us,141663,90705015,spur_odo,11,ping_mm,0,odo_fl,9016,92132978,odo_fr,9019,93028367,odo_bl,7561,92015480,odo_br,11306,91948151,ms,94023,us,94023155,ypr,-41.94,1.31,-13.94,vbat,11.77,cal,245
2016-09-16 12:18:00,TD,str,1466,esc,1492,aa,0.29,2.39,9.62,spur_us,141663,90705015,spur_odo,11,ping_mm,0,odo_fl,9016,92132978,odo_fr,9019,93028367,odo_bl,7561,92015480,odo_br,11306,91948151,ms,94033,us,94033218,ypr,-41.94,1.31,-13.94,vbat,11.77,cal,245
2016-09-16 12:18:00,TD,str,1466,esc,1492,aa,0.30,2.40,9.60,spur_us,141663,90705015,spur_odo,11,ping_mm,0,odo_fl,9016,92132978,odo_fr,9019,93028367,odo_bl,7561,92015480,odo_br,11306,91948151,ms,94042,us,94042235,ypr,-41.94,1.31,-13.94,vbat,11.79,cal,245
2016-09-16 12:18:00,TD,str,1466,esc,1493,aa,0.20,2.42,9.48,spur_us,141663,90705015,spur_odo,11,ping_mm,0,odo_fl,9016,92132978,odo_fr,9019,93028367,odo_bl,7561,92015480,odo_br,11306,91948151,ms,94053,us,94053193,ypr,-41.94,1.31,-13.94,vbat,11.75,cal,245
2016-09-16 12:18:00,TD,str,1466,esc,1492,aa,0.21,2.40,9.44,spur_us,141663,90705015,spur_odo,11,ping_mm,0,odo_fl,9016,92132978,odo_fr,9019,93028367,odo_bl,7561,92015480,odo_br,11306,91948151,ms,94063,us,94063213,ypr,-41.94,1.31,-13.94,vbat,11.77,cal,245
2016-09-16 12:18:00,TD,str,1466,esc,1492,aa,0.22,2.46,9.53,spur_us,141663,90705015,spur_odo,11,ping_mm,0,odo_fl,9016,92132978,odo_fr,9019,93028367,odo_bl,7561,92015480,odo_br,11306,91948151,ms,94073,us,94073048,ypr,-41.94,1.31,-13.94,vbat,11.77,cal,245
2016-09-16 12:18:00,TD,str,1466,esc,1492,aa,0.29,2.54,9.58,spur_us,141663,90705015,spur_odo,11,ping_mm,0,odo_fl,9016,92132978,odo_fr,9019,93028367,odo_bl,7561,92015480,odo_br,11306,91948151,ms,94083,us,94083058,ypr,-41.94,1.31,-13.94,vbat,11.77,cal,245
2016-09-16 12:18:00,TD,str,1466,esc,1492,aa,0.27,2.53,9.53,spur_us,141663,90705015,spur_odo,11,ping_mm,0,odo_fl,9016,92132978,odo_fr,9019,93028367,odo_bl,7561,92015480,odo_br,11306,91948151,ms,94092,us,94092237,ypr,-41.94,1.31,-13.94,vbat,11.77,cal,245
2016-09-16 12:18:00,TD,str,1466,esc,1493,aa,0.29,2.52,9.47,spur_us,141663,90705015,spur_odo,11,ping_mm,0,odo_fl,9016,92132978,odo_fr,9019,93028367,odo_bl,7561,92015480,odo_br,11306,91948151,ms,94103,us,94103030,ypr,-41.94,1.31,-13.94,vbat,11.75,cal,245
2016-09-16 12:18:00,TD,str,1466,esc,1492,aa,0.27,2.49,9.43,spur_us,141663,90705015,spur_odo,11,ping_mm,0,odo_fl,9016,92132978,odo_fr,9019,93028367,odo_bl,7561,92015480,odo_br,11306,91948151,ms,94113,us,94113086,ypr,-41.94,1.31,-13.94,vbat,11.77,cal,245
2016-09-16 12:18:00,TD,str,1466,esc,1492,aa,0.22,2.43,9.60,spur_us,141663,90705015,spur_odo,11,ping_mm,0,odo_fl,9016,92132978,odo_fr,9019,93028367,odo_bl,7561,92015480,odo_br,11306,91948151,ms,94122,us,94122913,ypr,-41.94,1.31,-13.94,vbat,11.77,cal,245
2016-09-16 12:18:00,TD,str,1466,esc,1492,aa,0.23,2.42,9.60,spur_us,141663,90705015,spur_odo,11,ping_mm,0,odo_fl,9016,92132978,odo_fr,9019,93028367,odo_bl,7561,92015480,odo_br,11306,91948151,ms,94132,us,94132949,ypr,-41.94,1.31,-13.94,vbat,11.77,cal,245
2016-09-16 12:18:00,TD,str,1466,esc,1493,aa,0.26,2.40,9.58,spur_us,141663,90705015,spur_odo,11,ping_mm,0,odo_fl,9016,92132978,odo_fr,9019,93028367,odo_bl,7561,92015480,odo_br,11306,91948151,ms,94142,us,94142226,ypr,-41.94,1.31,-13.94,vbat,11.77,cal,245
2016-09-16 12:18:00,TD,str,1465,esc,1493,aa,0.31,2.32,9.52,spur_us,141663,90705015,spur_odo,11,ping_mm,0,odo_fl,9016,92132978,odo_fr,9019,93028367,odo_bl,7561,92015480,odo_br,11306,91948151,ms,94152,us,94152956,ypr,-41.94,1.31,-13.94,vbat,11.77,cal,245
2016-09-16 12:18:00,TD,str,1466,esc,1493,aa,0.27,2.32,9.51,spur_us,141663,90705015,spur_odo,11,ping_mm,0,odo_fl,9016,92132978,odo_fr,9019,93028367,odo_bl,7561,92015480,odo_br,11306,91948151,ms,94162,us,94162937,ypr,-41.88,1.31,-13.94,vbat,11.79,cal,245
2016-09-16 12:18:00,TD,str,1466,esc,1492,aa,0.28,2.33,9.61,spur_us,141663,90705015,spur_odo,11,ping_mm,0,odo_fl,9016,92132978,odo_fr,9019,93028367,odo_bl,7561,92015480,odo_br,11306,91948151,ms,94172,us,94172713,ypr,-41.88,1.31,-13.94,vbat,11.77,cal,245
2016-09-16 12:18:00,TD,str,1466,esc,1492,aa,0.25,2.33,9.70,spur_us,141663,90705015,spur_odo,11,ping_mm,0,odo_fl,9016,92132978,odo_fr,9019,93028367,odo_bl,7561,92015480,odo_br,11306,91948151,ms,94182,us,94182703,ypr,-41.88,1.31,-13.94,vbat,11.77,cal,245
2016-09-16 12:18:00,TD,str,1466,esc,1492,aa,0.20,2.34,9.64,spur_us,141663,90705015,spur_odo,11,ping_mm,0,odo_fl,9016,92132978,odo_fr,9019,93028367,odo_bl,7561,92015480,odo_br,11306,91948151,ms,94192,us,94192228,ypr,-41.88,1.31,-13.94,vbat,11.77,cal,245
2016-09-16 12:18:00,TD,str,1466,esc,1493,aa,0.24,2.30,9.46,spur_us,141663,90705015,spur_odo,11,ping_mm,0,odo_fl,9016,92132978,odo_fr,9019,93028367,odo_bl,7561,92015480,odo_br,11306,91948151,ms,94202,us,94202914,ypr,-41.88,1.31,-13.94,vbat,11.77,cal,245
2016-09-16 12:18:00,TD,str,1466,esc,1492,aa,0.25,2.27,9.42,spur_us,141663,90705015,spur_odo,11,ping_mm,0,odo_fl,9016,92132978,odo_fr,9019,93028367,odo_bl,7561,92015480,odo_br,11306,91948151,ms,94212,us,94212586,ypr,-41.88,1.31,-13.94,vbat,11.77,cal,245
2016-09-16 12:18:00,TD,str,1467,esc,1493,aa,0.29,2.33,9.64,spur_us,141663,90705015,spur_odo,11,ping_mm,0,odo_fl,9016,92132978,odo_fr,9019,93028367,odo_bl,7561,92015480,odo_br,11306,91948151,ms,94222,us,94222984,ypr,-41.88,1.31,-13.94,vbat,11.79,cal,245
2016-09-16 12:18:00,TD,str,1466,esc,1493,aa,0.28,2.36,9.67,spur_us,141663,90705015,spur_odo,11,ping_mm,0,odo_fl,9016,92132978,odo_fr,9019,93028367,odo_bl,7561,92015480,odo_br,11306,91948151,ms,94232,us,94232707,ypr,-41.88,1.31,-13.94,vbat,11.75,cal,245
2016-09-16 12:18:00,TD,str,1466,esc,1493,aa,0.29,2.27,9.47,spur_us,141663,90705015,spur_odo,11,ping_mm,0,odo_fl,9016,92132978,odo_fr,9019,93028367,odo_bl,7561,92015480,odo_br,11306,91948151,ms,94242,us,94242236,ypr,-41.88,1.31,-13.94,vbat,11.79,cal,245
2016-09-16 12:18:00,TD,str,1466,esc,1492,aa,0.23,2.38,9.46,spur_us,141663,90705015,spur_odo,11,ping_mm,0,odo_fl,9016,92132978,odo_fr,9019,93028367,odo_bl,7561,92015480,odo_br,11306,91948151,ms,94252,us,94252961,ypr,-41.88,1.31,-13.94,vbat,11.79,cal,245
2016-09-16 12:18:00,TD,str,1466,esc,1493,aa,0.21,2.35,9.48,spur_us,141663,90705015,spur_odo,11,ping_mm,0,odo_fl,9016,92132978,odo_fr,9019,93028367,odo_bl,7561,92015480,odo_br,11306,91948151,ms,94262,us,94262827,ypr,-41.88,1.31,-13.94,vbat,11.77,cal,245
2016-09-16 12:18:00,TD,str,1466,esc,1492,aa,0.26,2.39,9.67,spur_us,141663,90705015,spur_odo,11,ping_mm,0,odo_fl,9016,92132978,odo_fr,9019,93028367,odo_bl,7561,92015480,odo_br,11306,91948151,ms,94272,us,94272989,ypr,-41.88,1.31,-13.94,vbat,11.75,cal,245
2016-09-16 12:18:00,TD,str,1465,esc,1492,aa,0.30,2.44,9.56,spur_us,141663,90705015,spur_odo,11,ping_mm,0,odo_fl,9016,92132978,odo_fr,9019,93028367,odo_bl,7561,92015480,odo_br,11306,91948151,ms,94282,us,94282846,ypr,-41.88,1.31,-13.94,vbat,11.75,cal,245
2016-09-16 12:18:00,TD,str,1466,esc,1492,aa,0.33,2.39,9.50,spur_us,141663,90705015,spur_odo,11,ping_mm,0,odo_fl,9016,92132978,odo_fr,9019,93028367,odo_bl,7561,92015480,odo_br,11306,91948151,ms,94292,us,94292231,ypr,-41.88,1.31,-13.94,vbat,11.77,cal,245
2016-09-16 12:18:00,TD,str,1466,esc,1493,aa,0.31,2.42,9.52,spur_us,141663,90705015,spur_odo,11,ping_mm,0,odo_fl,9016,92132978,odo_fr,9019,93028367,odo_bl,7561,92015480,odo_br,11306,91948151,ms,94302,us,94302232,ypr,-41.94,1.31,-13.94,vbat,11.79,cal,245
2016-09-16 12:18:00,TD,str,1466,esc,1493,aa,0.14,2.38,9.53,spur_us,141663,90705015,spur_odo,11,ping_mm,0,odo_fl,9016,92132978,odo_fr,9019,93028367,odo_bl,7561,92015480,odo_br,11306,91948151,ms,94312,us,94312232,ypr,-41.94,1.31,-14.00,vbat,11.77,cal,245
2016-09-16 12:18:00,TD,str,1466,esc,1492,aa,0.11,2.46,9.52,spur_us,141663,90705015,spur_odo,11,ping_mm,0,odo_fl,9016,92132978,odo_fr,9019,93028367,odo_bl,7561,92015480,odo_br,11306,91948151,ms,94322,us,94322704,ypr,-41.94,1.31,-14.00,vbat,11.77,cal,245
2016-09-16 12:18:00,TD,str,1466,esc,1492,aa,0.20,2.42,9.50,spur_us,141663,90705015,spur_odo,11,ping_mm,0,odo_fl,9016,92132978,odo_fr,9019,93028367,odo_bl,7561,92015480,odo_br,11306,91948151,ms,94332,us,94332746,ypr,-41.94,1.31,-14.00,vbat,11.75,cal,245
2016-09-16 12:18:00,TD,str,1466,esc,1492,aa,0.22,2.53,9.58,spur_us,141663,90705015,spur_odo,11,ping_mm,0,odo_fl,9016,92132978,odo_fr,9019,93028367,odo_bl,7561,92015480,odo_br,11306,91948151,ms,94342,us,94342227,ypr,-41.94,1.31,-14.00,vbat,11.77,cal,245
2016-09-16 12:18:00,TD,str,1466,esc,1492,aa,0.33,2.43,9.61,spur_us,141663,90705015,spur_odo,11,ping_mm,0,odo_fl,9016,92132978,odo_fr,9019,93028367,odo_bl,7561,92015480,odo_br,11306,91948151,ms,94352,us,94352233,ypr,-41.94,1.31,-13.94,vbat,11.75,cal,245
2016-09-16 12:18:00,TD,str,1466,esc,1492,aa,0.33,2.40,9.42,spur_us,141663,90705015,spur_odo,11,ping_mm,0,odo_fl,9016,92132978,odo_fr,9019,93028367,odo_bl,7561,92015480,odo_br,11306,91948151,ms,94362,us,94362392,ypr,-41.88,1.31,-13.94,vbat,11.75,cal,245
2016-09-16 12:18:00,TD,str,1466,esc,1492,aa,0.28,2.33,9.42,spur_us,141663,90705015,spur_odo,11,ping_mm,0,odo_fl,9016,92132978,odo_fr,9019,93028367,odo_bl,7561,92015480,odo_br,11306,91948151,ms,94372,us,94372760,ypr,-41.88,1.31,-13.94,vbat,11.79,cal,245
2016-09-16 12:18:00,TD,str,1466,esc,1492,aa,0.22,2.38,9.67,spur_us,141663,90705015,spur_odo,11,ping_mm,0,odo_fl,9016,92132978,odo_fr,9019,93028367,odo_bl,7561,92015480,odo_br,11306,91948151,ms,94382,us,94382234,ypr,-41.88,1.31,-13.94,vbat,11.75,cal,245
2016-09-16 12:18:00,TD,str,1466,esc,1493,aa,0.26,2.34,9.66,spur_us,141663,90705015,spur_odo,11,ping_mm,0,odo_fl,9016,92132978,odo_fr,9019,93028367,odo_bl,7561,92015480,odo_br,11306,91948151,ms,94392,us,94392229,ypr,-41.88,1.31,-13.94,vbat,11.77,cal,245
2016-09-16 12:18:00,TD,str,1466,esc,1492,aa,0.31,2.33,9.55,spur_us,141663,90705015,spur_odo,11,ping_mm,0,odo_fl,9016,92132978,odo_fr,9019,93028367,odo_bl,7561,92015480,odo_br,11306,91948151,ms,94402,us,94402397,ypr,-41.88,1.31,-13.94,vbat,11.77,cal,245
2016-09-16 12:18:00,TD,str,1466,esc,1492,aa,0.27,2.31,9.50,spur_us,141663,90705015,spur_odo,11,ping_mm,0,odo_fl,9016,92132978,odo_fr,9019,93028367,odo_bl,7561,92015480,odo_br,11306,91948151,ms,94412,us,94412389,ypr,-41.88,1.31,-13.94,vbat,11.79,cal,245
2016-09-16 12:18:00,TD,str,1466,esc,1493,aa,0.26,2.30,9.67,spur_us,141663,90705015,spur_odo,11,ping_mm,0,odo_fl,9016,92132978,odo_fr,9019,93028367,odo_bl,7561,92015480,odo_br,11306,91948151,ms,94422,us,94422409,ypr,-41.88,1.31,-13.94,vbat,11.77,cal,245
2016-09-16 12:18:00,TD,str,1466,esc,1493,aa,0.29,2.24,9.58,spur_us,141663,90705015,spur_odo,11,ping_mm,0,odo_fl,9016,92132978,odo_fr,9019,93028367,odo_bl,7561,92015480,odo_br,11306,91948151,ms,94432,us,94432233,ypr,-41.88,1.31,-13.94,vbat,11.77,cal,245
2016-09-16 12:18:00,TD,str,1467,esc,1493,aa,0.26,2.20,9.56,spur_us,141663,90705015,spur_odo,11,ping_mm,0,odo_fl,9016,92132978,odo_fr,9019,93028367,odo_bl,7561,92015480,odo_br,11306,91948151,ms,94442,us,94442236,ypr,-41.88,1.31,-13.94,vbat,11.77,cal,245
2016-09-16 12:18:00,TD,str,1466,esc,1492,aa,0.21,2.29,9.52,spur_us,141663,90705015,spur_odo,11,ping_mm,0,odo_fl,9016,92132978,odo_fr,9019,93028367,odo_bl,7561,92015480,odo_br,11306,91948151,ms,94452,us,94452230,ypr,-41.94,1.31,-13.94,vbat,11.77,cal,245
2016-09-16 12:18:00,TD,str,1466,esc,1493,aa,0.24,2.34,9.57,spur_us,141663,90705015,spur_odo,11,ping_mm,0,odo_fl,9016,92132978,odo_fr,9019,93028367,odo_bl,7561,92015480,odo_br,11306,91948151,ms,94462,us,94462225,ypr,-41.94,1.31,-14.00,vbat,11.77,cal,245
2016-09-16 12:18:00,TD,str,1466,esc,1493,aa,0.22,2.40,9.63,spur_us,141663,90705015,spur_odo,11,ping_mm,0,odo_fl,9016,92132978,odo_fr,9019,93028367,odo_bl,7561,92015480,odo_br,11306,91948151,ms,94472,us,94472238,ypr,-41.94,1.31,-14.00,vbat,11.77,cal,245
2016-09-16 12:18:00,TD,str,1466,esc,1493,aa,0.24,2.40,9.56,spur_us,141663,90705015,spur_odo,11,ping_mm,0,odo_fl,9016,92132978,odo_fr,9019,93028367,odo_bl,7561,92015480,odo_br,11306,91948151,ms,94482,us,94482490,ypr,-41.94,1.31,-14.00,vbat,11.77,cal,245
2016-09-16 12:18:00,TD,str,1466,esc,1492,aa,0.25,2.45,9.57,spur_us,141663,90705015,spur_odo,11,ping_mm,0,odo_fl,9016,92132978,odo_fr,9019,93028367,odo_bl,7561,92015480,odo_br,11306,91948151,ms,94492,us,94492230,ypr,-41.94,1.31,-14.00,vbat,11.79,cal,245
2016-09-16 12:18:00,TD,str,1466,esc,1492,aa,0.25,2.47,9.52,spur_us,141663,90705015,spur_odo,11,ping_mm,0,odo_fl,9016,92132978,odo_fr,9019,93028367,odo_bl,7561,92015480,odo_br,11306,91948151,ms,94502,us,94502234,ypr,-41.94,1.31,-14.00,vbat,11.77,cal,245
2016-09-16 12:18:00,TD,str,1466,esc,1492,aa,0.24,2.44,9.45,spur_us,141663,90705015,spur_odo,11,ping_mm,0,odo_fl,9016,92132978,odo_fr,9019,93028367,odo_bl,7561,92015480,odo_br,11306,91948151,ms,94512,us,94512340,ypr,-41.88,1.31,-13.94,vbat,11.75,cal,245
2016-09-16 12:18:00,TD,str,1466,esc,1493,aa,0.21,2.56,9.52,spur_us,141663,90705015,spur_odo,11,ping_mm,0,odo_fl,9016,92132978,odo_fr,9019,93028367,odo_bl,7561,92015480,odo_br,11306,91948151,ms,94522,us,94522349,ypr,-41.88,1.31,-13.94,vbat,11.79,cal,245
2016-09-16 12:18:00,TD,str,1466,esc,1492,aa,0.30,2.52,9.57,spur_us,141663,90705015,spur_odo,11,ping_mm,0,odo_fl,9016,92132978,odo_fr,9019,93028367,odo_bl,7561,92015480,odo_br,11306,91948151,ms,94532,us,94532337,ypr,-41.88,1.31,-13.94,vbat,11.79,cal,245
2016-09-16 12:18:00,TD,str,1466,esc,1493,aa,0.27,2.55,9.61,spur_us,141663,90705015,spur_odo,11,ping_mm,0,odo_fl,9016,92132978,odo_fr,9019,93028367,odo_bl,7561,92015480,odo_br,11306,91948151,ms,94542,us,94542233,ypr,-41.88,1.31,-13.94,vbat,11.79,cal,245
2016-09-16 12:18:00,TD,str,1466,esc,1493,aa,0.26,2.49,9.56,spur_us,141663,90705015,spur_odo,11,ping_mm,0,odo_fl,9016,92132978,odo_fr,9019,93028367,odo_bl,7561,92015480,odo_br,11306,91948151,ms,94552,us,94552430,ypr,-41.88,1.31,-13.94,vbat,11.75,cal,245
